{
  "format_version": "1.8.0",
  "animations": {
    "animation.crimson_monsquite_red.moving": {
      "loop": true,
      "animation_length": 0.25,
      "bones": {
        "monsqite": {
          "rotation": [
            12.33775,
            -1.97894,
            0.20462
          ],
          "position": [
            0,
            11,
            0
          ]
        },
        "rightLegs": {
          "rotation": [
            17.33993,
            3.14017,
            -29.88676
          ]
        },
        "leftLegs": {
          "rotation": [
            12.03657,
            1.55724,
            37.9961
          ]
        },
        "rightWing": {
          "rotation": {
            "0.0": [
              -38.14809,
              -42.78069,
              -284.14874
            ],
            "0.0417": [
              -62.36678,
              61.22768,
              -312.8936
            ],
            "0.0833": [
              -38.14809,
              -42.78069,
              -284.14874
            ],
            "0.125": [
              -89.94534,
              33.59195,
              -328.02727
            ],
            "0.1667": [
              -73.18128,
              36.79869,
              -247.00552
            ],
            "0.2083": [
              -94.93539,
              29.27871,
              -321.2587
            ],
            "0.25": [
              -62.94394,
              12.62866,
              -244.41872
            ]
          }
        },
        "leftWing": {
          "rotation": {
            "0.0": [
              59.16362,
              -52.1831,
              56.05087
            ],
            "0.0417": [
              34.17093,
              20.39238,
              122.28115
            ],
            "0.0833": [
              59.16362,
              -52.1831,
              56.05087
            ],
            "0.125": [
              36.82008,
              28.54313,
              128.65563
            ],
            "0.1667": [
              63.93514,
              7.87364,
              37.7009
            ],
            "0.2083": [
              87.58588,
              14.24765,
              121.832
            ],
            "0.25": [
              64.05943,
              29.85272,
              34.01015
            ]
          }
        }
      }
    },
    "animation.crimson_monsquite_red.flaying": {
      "loop": true,
      "animation_length": 0.25,
      "bones": {
        "monsqite": {
          "rotation": [
            12.33775,
            -1.97894,
            0.20462
          ],
          "position": [
            0,
            11,
            0
          ]
        },
        "rightLegs": {
          "rotation": [
            17.33993,
            3.14017,
            -29.88676
          ]
        },
        "leftLegs": {
          "rotation": [
            12.03657,
            1.55724,
            37.9961
          ]
        },
        "rightWing": {
          "rotation": {
            "0.0": [
              -38.14809,
              -42.78069,
              -284.14874
            ],
            "0.0417": [
              -62.36678,
              61.22768,
              -312.8936
            ],
            "0.0833": [
              -38.14809,
              -42.78069,
              -284.14874
            ],
            "0.125": [
              -89.94534,
              33.59195,
              -328.02727
            ],
            "0.1667": [
              -73.18128,
              36.79869,
              -247.00552
            ],
            "0.2083": [
              -94.93539,
              29.27871,
              -321.2587
            ],
            "0.25": [
              -62.94394,
              12.62866,
              -244.41872
            ]
          }
        },
        "leftWing": {
          "rotation": {
            "0.0": [
              59.16362,
              -52.1831,
              56.05087
            ],
            "0.0417": [
              34.17093,
              20.39238,
              122.28115
            ],
            "0.0833": [
              59.16362,
              -52.1831,
              56.05087
            ],
            "0.125": [
              36.82008,
              28.54313,
              128.65563
            ],
            "0.1667": [
              63.93514,
              7.87364,
              37.7009
            ],
            "0.2083": [
              87.58588,
              14.24765,
              121.832
            ],
            "0.25": [
              64.05943,
              29.85272,
              34.01015
            ]
          }
        }
      }
    },
    "animation.crimson_monsquite_red.base": {
      "loop": true
    },
    "animation.crimson_monsquite_red.danse": {
      "loop": true
    },
    "animation.crimson_monsquite_red.sitting": {
      "loop": true
    },
    "animation.crimson_monsquite_red.standing": {
      "loop": true
    }
  }
}